No,id,firstName,lastName,gender,dob,socialID
1,SV0001,Han,Nguyen,F,01/12/2003,543538
2,SV0002,Dat,Nguyen,M,02/12/2003,543539
3,SV0003,Ngoc,Tran,F,03/12/2003,543540
4,SV0004,Chau,Hoang,F,04/12/2003,543541
5,SV0005,Huy,Le,M,05/12/2003,543542
6,SV0006,Hieu,Tran,M,06/12/2003,543543
7,SV0007,Nhan,Ho,M,07/12/2003,543544
8,SV0008,Phuc,Nguyen,M,08/12/2003,543545
9,SV0009,Hoang,Kim,M,09/12/2003,543546
10,SV0010,Kim,Duong,M,10/12/2003,543547
11,SV0011,Phat,Pham,M,11/12/2003,543548