No,id,midTerm,lab,endTerm,final
1,SV0001,5,5,7,6
2,SV0002,6,7,6,6.3
3,SV0003,8,7,8,7.7
4,SV0004,4,4,9,6.5
5,SV0005,2,6,5,4.7
6,SV0006,5,7,6,6.1
7,SV0007,7,8,7,7.3
8,SV0008,5,6,5,5.3
9,SV0009,6,5,4,4.7
10,SV0010,8,8,8,8
11,SV0011,6,6,9,7.5
